{
  "music": {
    "filePath": "music/music_game.wav"
  },
  "sounds": [
    {
      "soundID": 1,
      "filePath": "sounds/Treant_Lines/treant1.wav",
      "numInstances": 1
    },
    {
      "soundID": 2,
      "filePath": "sounds/Treant_Lines/treant2.wav",
      "numInstances": 1
    },
    {
      "soundID": 3,
      "filePath": "sounds/Treant_Lines/treant3.wav",
      "numInstances": 1
    },
    {
      "soundID": 8,
      "filePath": "sounds/SFX/treant_ingrain.wav",
      "numInstances": 2
    },
    {
      "soundID": 84,
      "filePath": "sounds/Hide_Lines/Hide_calmdown1.wav",
      "numInstances": 1
    },
    {
      "soundID": 85,
      "filePath": "sounds/Hide_Lines/Hide_calmdown2.wav",
      "numInstances": 1
    },
    {
      "soundID": 86,
      "filePath": "sounds/Hide_Lines/Hide_calmdown3.wav",
      "numInstances": 1
    },
    {
      "soundID": 87,
      "filePath": "sounds/Hide_Lines/Hide_combatstart1.wav",
      "numInstances": 1
    },
    {
      "soundID": 88,
      "filePath": "sounds/Hide_Lines/Hide_combatstart2.wav",
      "numInstances": 1
    },
    {
      "soundID": 89,
      "filePath": "sounds/Hide_Lines/Hide_combatstart3.wav",
      "numInstances": 1
    },
    {
      "soundID": 90,
      "filePath": "sounds/Hide_Lines/Hide_combatstart4.wav",
      "numInstances": 1
    },
    {
      "soundID": 91,
      "filePath": "sounds/Hide_Lines/Hide_combatstart5.wav",
      "numInstances": 1
    },
    {
      "soundID": 33,
      "filePath": "sounds/Jackie_Lines/Jackie_hmm1.wav",
      "numInstances": 1
    },
    {
      "soundID": 34,
      "filePath": "sounds/Jackie_Lines/Jackie_hmm2.wav",
      "numInstances": 1
    },
    {
      "soundID": 35,
      "filePath": "sounds/Jackie_Lines/Jackie_hopehesalright1.wav",
      "numInstances": 1
    },
    {
      "soundID": 38,
      "filePath": "sounds/Jackie_Lines/Jackie_itsmells1.wav",
      "numInstances": 1
    },
    {
      "soundID": 46,
      "filePath": "sounds/Jackie_Lines/jackie_placeisamaze.wav",
      "numInstances": 1
    },
    {
      "soundID": 48,
      "filePath": "sounds/Jackie_Lines/Jackie_sigh1.wav",
      "numInstances": 1
    },
    {
      "soundID": 49,
      "filePath": "sounds/Jackie_Lines/Jackie_sigh2.wav",
      "numInstances": 1
    },
    {
      "soundID": 50,
      "filePath": "sounds/Jackie_Lines/Jackie_sigh3.wav",
      "numInstances": 1
    },
    {
      "soundID": 51,
      "filePath": "sounds/Jackie_Lines/Jackie_sigh4.wav",
      "numInstances": 1
    },
    {
      "soundID": 57,
      "filePath": "sounds/Jackie_Lines/jackie_ugh.wav",
      "numInstances": 1
    },
    {
      "soundID": 58,
      "filePath": "sounds/Jackie_Lines/jackie_what_swiththepuzzles.wav",
      "numInstances": 1
    },
    {
      "soundID": 59,
      "filePath": "sounds/Jackie_Lines/Jackie_wherehide1.wav",
      "numInstances": 1
    },
    {
      "soundID": 115,
      "filePath": "sounds/Hide_Lines/Hide_intro1.wav",
      "numInstances": 1
    },
    {
      "soundID": 69,
      "filePath": "sounds/SFX/wall_bump.wav",
      "numInstances": 2
    },
    {
      "soundID": 87,
      "filePath": "sounds/Hide_Lines/Hide_combatstart1.wav",
      "numInstances": 1
    },
    {
      "soundID": 88,
      "filePath": "sounds/Hide_Lines/Hide_combatstart2.wav",
      "numInstances": 1
    },
    {
      "soundID": 89,
      "filePath": "sounds/Hide_Lines/Hide_combatstart3.wav",
      "numInstances": 1
    },
    {
      "soundID": 90,
      "filePath": "sounds/Hide_Lines/Hide_combatstart4.wav",
      "numInstances": 1
    },
    {
      "soundID": 91,
      "filePath": "sounds/Hide_Lines/Hide_combatstart5.wav",
      "numInstances": 1
    },
    {
          "soundID": 157,
          "filePath": "sounds/Hide_Lines/Hide_win1.wav",
          "numInstances": 1
        },
        {
          "soundID": 158,
          "filePath": "sounds/Hide_Lines/Hide_win2.wav",
          "numInstances": 1
        },
        {
          "soundID": 159,
          "filePath": "sounds/Hide_Lines/Hide_win3.wav",
          "numInstances": 1
        },
        {
          "soundID": 18,
          "filePath": "sounds/Witch_Lines/hagwitch1.wav",
          "numInstances": 1
        },
        {
          "soundID": 21,
          "filePath": "sounds/Witch_Lines/hotwitch1.wav",
          "numInstances": 1
        },
        {
              "soundID": 80,
              "filePath": "sounds/Hide_Lines/Hide_attack1.wav",
              "numInstances": 1
            },
            {
              "soundID": 81,
              "filePath": "sounds/Hide_Lines/Hide_attack2.wav",
              "numInstances": 1
            },
            {
              "soundID": 82,
              "filePath": "sounds/Hide_Lines/Hide_attack3.wav",
              "numInstances": 1
            },
            {
              "soundID": 83,
              "filePath": "sounds/Hide_Lines/Hide_attack4.wav",
              "numInstances": 1
            }
  ],
  "shaders": [
    {
      "name": "framebuffer",
      "vertexShaderFilePath": "shaders/framebuffer.vsh",
      "fragmentShaderFilePath": "shaders/framebuffer.fsh",
      "uniforms": [
        {
          "name": "u_Texture",
          "type": "sampler2D"
        }
      ],
      "attributes": [
        {
          "name": "a_Position",
          "type": "vec2"
        }
      ]
    },
    {
      "name": "texture",
      "vertexShaderFilePath": "shaders/texture.vsh",
      "fragmentShaderFilePath": "shaders/texture.fsh",
      "uniforms": [
        {
          "name": "u_Matrix",
          "type": "mat4"
        },
        {
          "name": "u_ColorFactor",
          "type": "vec4"
        },
        {
          "name": "u_Texture",
          "type": "sampler2D"
        }
      ],
      "attributes": [
        {
          "name": "a_Position",
          "type": "vec2"
        },
        {
          "name": "a_TexCoord",
          "type": "vec2"
        }
      ]
    },
    {
      "name": "geometry",
      "vertexShaderFilePath": "shaders/geometry.vsh",
      "fragmentShaderFilePath": "shaders/geometry.fsh",
      "uniforms": [
        {
          "name": "u_Matrix",
          "type": "mat4"
        },
        {
          "name": "u_Color",
          "type": "vec4"
        }
      ],
      "attributes": [
        {
          "name": "a_Position",
          "type": "vec2"
        }
      ]
    },
    {
      "name": "lights",
      "vertexShaderFilePath": "shaders/lights.vsh",
      "fragmentShaderFilePath": "shaders/lights.fsh",
      "uniforms": [
        {
          "name": "u_Matrix",
          "type": "mat4"
        },
        {
          "name": "u_LightPositions",
          "type": "vec4",
          "count": 12
        },
        {
          "name": "u_LightColors",
          "type": "vec4",
          "count": 12
        },
        {
          "name": "u_AmbientColor",
          "type": "vec4"
        },
        {
          "name": "u_Falloff",
          "type": "vec4"
        },
        {
          "name": "u_NumLights",
          "type": "ivec4"
        },
        {
          "name": "u_Texture",
          "type": "sampler2D"
        },
        {
          "name": "u_NormalMap",
          "type": "sampler2D"
        }
      ],
      "attributes": [
        {
          "name": "a_Position",
          "type": "vec2"
        }
      ]
    }
  ],
  "textures": [
    {
      "name": "background_tiles",
      "filePath": "textures/background_tiles.png",
      "textureWidth": 1024,
      "textureHeight": 1024,
      "mappings": {
        "BG_BASEMENT_TILE_1": {
          "x": 0,
          "y": 0,
          "regionWidth": 64,
          "regionHeight": 64
        },
        "BG_BASEMENT_TILE_2": {
          "x": 64,
          "y": 0,
          "regionWidth": 64,
          "regionHeight": 64
        },
        "BG_BASEMENT_TILE_3": {
          "x": 128,
          "y": 0,
          "regionWidth": 64,
          "regionHeight": 64
        },
        "BG_BASEMENT_TILE_4": {
          "x": 192,
          "y": 0,
          "regionWidth": 64,
          "regionHeight": 64
        },
        "BG_BASEMENT_TILE_5": {
          "x": 256,
          "y": 0,
          "regionWidth": 64,
          "regionHeight": 64
        },
        "BG_BASEMENT_TILE_6": {
          "x": 320,
          "y": 0,
          "regionWidth": 64,
          "regionHeight": 64
        },
        "BG_BASEMENT_TILE_7": {
          "x": 384,
          "y": 0,
          "regionWidth": 64,
          "regionHeight": 64
        },
        "BG_BASEMENT_TILE_8": {
          "x": 448,
          "y": 0,
          "regionWidth": 64,
          "regionHeight": 64
        },
        "BG_BASEMENT_TILE_9": {
          "x": 512,
          "y": 0,
          "regionWidth": 64,
          "regionHeight": 64
        },
        "BG_BASEMENT_TILE_10": {
          "x": 576,
          "y": 0,
          "regionWidth": 64,
          "regionHeight": 64
        },
        "BG_BASEMENT_TILE_11": {
          "x": 640,
          "y": 0,
          "regionWidth": 64,
          "regionHeight": 64
        },
        "BG_BASEMENT_TILE_12": {
          "x": 704,
          "y": 0,
          "regionWidth": 64,
          "regionHeight": 64
        },
        "BG_BASEMENT_TILE_13": {
          "x": 768,
          "y": 0,
          "regionWidth": 64,
          "regionHeight": 64
        },
        "BG_FOREST_TILE_GRASS": {
          "x": 0,
          "y": 64,
          "regionWidth": 64,
          "regionHeight": 64
        },
        "BG_FOREST_TILE_TREE": {
          "x": 64,
          "y": 64,
          "regionWidth": 64,
          "regionHeight": 64
        }
      }
    },
    {
      "name": "demo",
      "filePath": "textures/demo.png"
    },
    {
      "name": "overworld_characters",
      "filePath": "textures/overworld_characters.png",
      "textureWidth": 1024,
      "textureHeight": 1024,
      "mappings": {
        "HIDE_LEFT": {
          "x": 0,
          "y": 0,
          "regionWidth": 64,
          "regionHeight": 64,
          "frameTime": 6,
          "numFrames": 3
        },
        "HIDE_UP": {
          "x": 192,
          "y": 0,
          "regionWidth": 64,
          "regionHeight": 64,
          "frameTime": 6,
          "numFrames": 3
        },
        "HIDE_DOWN": {
          "x": 384,
          "y": 0,
          "regionWidth": 64,
          "regionHeight": 64,
          "frameTime": 6,
          "numFrames": 3
        },
        "JACKIE_LEFT": {
          "x": 0,
          "y": 64,
          "regionWidth": 64,
          "regionHeight": 64,
          "frameTime": 6,
          "numFrames": 3
        },
        "JACKIE_UP": {
          "x": 192,
          "y": 64,
          "regionWidth": 64,
          "regionHeight": 64,
          "frameTime": 6,
          "numFrames": 3
        },
        "JACKIE_DOWN": {
          "x": 384,
          "y": 64,
          "regionWidth": 64,
          "regionHeight": 64,
          "frameTime": 6,
          "numFrames": 3
        },
        "GENERIC_MONSTER_UP": {
          "x": 128,
          "y": 128,
          "regionWidth": 64,
          "regionHeight": 64,
          "frameTime": 8,
          "numFrames": 2
        },
        "GENERIC_MONSTER_DOWN": {
          "x": 0,
          "y": 128,
          "regionWidth": 64,
          "regionHeight": 64,
          "frameTime": 8,
          "numFrames": 2
        },
        "CRYSTAL_BLUE": {
          "x": 0,
          "y": 192,
          "regionWidth": 64,
          "regionHeight": 64
        },
        "CRYSTAL_RED": {
          "x": 64,
          "y": 192,
          "regionWidth": 64,
          "regionHeight": 64
        },
        "CRYSTAL_GREEN": {
          "x": 128,
          "y": 192,
          "regionWidth": 64,
          "regionHeight": 64
        },
        "OVEN": {
          "x": 0,
          "y": 256,
          "regionWidth": 64,
          "regionHeight": 64
        },
        "CELLAR_DOOR": {
          "x": 0,
          "y": 320,
          "regionWidth": 64,
          "regionHeight": 64
        },
        "WITCH_DOOR": {
          "x": 64,
          "y": 320,
          "regionWidth": 64,
          "regionHeight": 64
        },
        "EXPLODING_CRATE": {
          "x": 0,
          "y": 384,
          "regionWidth": 128,
          "regionHeight": 128,
          "frameTime": 6,
          "numFrames": 8
        },
        "EXPLOSION": {
          "x": 128,
          "y": 384,
          "regionWidth": 128,
          "regionHeight": 128,
          "frameTime": 6,
          "numFrames": 7
        },
        "KEY": {
          "x": 0,
          "y": 512,
          "regionWidth": 128,
          "regionHeight": 64
        }
      }
    },
    {
      "name": "big_sprites",
      "filePath": "textures/big_sprites.png",
      "mappings": {
        "BIG_HIDE_IDLE": {
          "x": 0,
          "y": 0,
          "regionWidth": 256,
          "regionHeight": 256,
          "frameTime": 24,
          "numFrames": 5
        },
        "BIG_HIDE_SWING_1": {
          "x": 0,
          "y": 256,
          "regionWidth": 256,
          "regionHeight": 256,
          "frameTime": 7,
          "numFrames": 2,
          "looping": false
        },
        "BIG_HIDE_SWING_2": {
          "x": 512,
          "y": 256,
          "regionWidth": 320,
          "regionHeight": 256,
          "frameTime": 7,
          "numFrames": 3,
          "looping": false
        },
        "BIG_HIDE_SWING_3": {
          "x": 1472,
          "y": 256,
          "regionWidth": 256,
          "regionHeight": 256,
          "frameTime": 7,
          "numFrames": 1,
          "looping": false
        },
        "BIG_ENT_IDLE": {
          "x": 0,
          "y": 512,
          "regionWidth": 512,
          "regionHeight": 512
        },
        "BIG_WITCH_PRETTY": {
          "x": 0,
          "y": 1280,
          "regionWidth": 256,
          "regionHeight": 320,
          "frameTime": 24,
          "numFrames": 4
        }
      }
    },
    {
      "name": "texture_font",
      "filePath": "textures/texture_font.png",
      "mipMap": false
    }
  ]
}
