{
  "music": {
    "filePath": "music/music_main.wav"
  },
  "sounds": [
    {
      "soundID": 1,
      "filePath": "sounds/Hide_Lines/Hide_attack1.wav",
      "numInstances": 1
    }
  ],
  "shaders": [
    {
      "name": "framebuffer",
      "vertexShaderFilePath": "shaders/framebuffer.vsh",
      "fragmentShaderFilePath": "shaders/framebuffer.fsh",
      "uniforms": [
        {
          "name": "u_Texture",
          "type": "sampler2D"
        }
      ],
      "attributes": [
        {
          "name": "a_Position",
          "type": "vec2"
        }
      ]
    },
    {
      "name": "texture",
      "vertexShaderFilePath": "shaders/texture.vsh",
      "fragmentShaderFilePath": "shaders/texture.fsh",
      "uniforms": [
        {
          "name": "u_Matrix",
          "type": "mat4"
        },
        {
          "name": "u_ColorFactor",
          "type": "vec4"
        },
        {
          "name": "u_Texture",
          "type": "sampler2D"
        }
      ],
      "attributes": [
        {
          "name": "a_Position",
          "type": "vec2"
        },
        {
          "name": "a_TexCoord",
          "type": "vec2"
        }
      ]
    }
  ],
  "textures": [
    {
      "name": "demo",
      "filePath": "textures/demo.png"
    },
    {
      "name": "texture_font",
      "filePath": "textures/texture_font.png",
      "mipMap": false
    }
  ]
}
