{
  "MON1": {
    "name": "Monster",
    "controller": "Monster",
    "textureMappings": {
      "99": "GENERIC_MONSTER_DOWN"
    },
    "soundMappings": {
      "0": 18,
      "1": 21
    },
    "bodyFlags": 2,
    "width": 4,
    "height": 4,
    "stateSensitive": true
  },
  "HIDE": {
    "name": "Hide",
    "controller": "Hide",
    "textureMappings": {
      "99": "HIDE_DOWN"
    },
    "soundMappings": {
      "99": 0
    },
    "soundCollectionMappings": {
        "0": [84, 85, 86],
      "1": [
        87,
        88,
        89,
        90,
        91
      ],
      "2": [87, 88, 89, 90, 91],
      "3": [157, 158, 159],
      "4": [80, 81, 82, 83]
    },
    "bodyFlags": 8,
    "width": 4,
    "height": 4,
    "stateSensitive": true
  },
  "JCKE": {
    "name": "Jackie",
    "controller": "Jackie",
    "textureMappings": {
      "99": "JACKIE_DOWN"
    },
    "soundMappings": {
      "99": 0
    },
    "soundCollectionMappings": {
      "1": [
        33,
        34,
        35,
        38,
        46,
        48,
        49,
        50,
        51,
        57,
        58
      ]
    },
    "bodyFlags": 8,
    "width": 4,
    "height": 4,
    "stateSensitive": true
  },
  "BT01": {
    "name": "BG_BASEMENT_TILE_1",
    "textureMapping": "BG_BASEMENT_TILE_1",
    "width": 4,
    "height": 4
  },
  "BT02": {
    "name": "BG_BASEMENT_TILE_2",
    "textureMapping": "BG_BASEMENT_TILE_2",
    "width": 4,
    "height": 4,
    "bodyFlags": 1
  },
  "BT03": {
    "name": "BG_BASEMENT_TILE_3",
    "textureMapping": "BG_BASEMENT_TILE_3",
    "width": 4,
    "height": 4,
    "bodyFlags": 1
  },
  "BT04": {
    "name": "BG_BASEMENT_TILE_4",
    "textureMapping": "BG_BASEMENT_TILE_4",
    "width": 4,
    "height": 4,
    "bodyFlags": 1
  },
  "BT05": {
    "name": "BG_BASEMENT_TILE_5",
    "textureMapping": "BG_BASEMENT_TILE_5",
    "width": 4,
    "height": 4,
    "bodyFlags": 1
  },
  "BT06": {
    "name": "BG_BASEMENT_TILE_6",
    "textureMapping": "BG_BASEMENT_TILE_6",
    "width": 4,
    "height": 4,
    "bodyFlags": 1
  },
  "BT07": {
    "name": "BG_BASEMENT_TILE_7",
    "textureMapping": "BG_BASEMENT_TILE_7",
    "width": 4,
    "height": 4,
    "bodyFlags": 1
  },
  "BT08": {
    "name": "BG_BASEMENT_TILE_8",
    "textureMapping": "BG_BASEMENT_TILE_8",
    "width": 4,
    "height": 4,
    "bodyFlags": 1
  },
  "BT09": {
    "name": "BG_BASEMENT_TILE_9",
    "textureMapping": "BG_BASEMENT_TILE_9",
    "width": 4,
    "height": 4,
    "bodyFlags": 1
  },
  "BT10": {
    "name": "BG_BASEMENT_TILE_10",
    "textureMapping": "BG_BASEMENT_TILE_10",
    "width": 4,
    "height": 4,
    "bodyFlags": 1
  },
  "BT11": {
    "name": "BG_BASEMENT_TILE_11",
    "textureMapping": "BG_BASEMENT_TILE_11",
    "width": 4,
    "height": 4,
    "bodyFlags": 1
  },
  "BT12": {
    "name": "BG_BASEMENT_TILE_12",
    "textureMapping": "BG_BASEMENT_TILE_12",
    "width": 4,
    "height": 4,
    "bodyFlags": 1
  },
  "BT13": {
    "name": "BG_BASEMENT_TILE_13",
    "textureMapping": "BG_BASEMENT_TILE_13",
    "width": 4,
    "height": 4,
    "bodyFlags": 1
  },
  "FTGR": {
    "name": "BG_FOREST_TILE_GRASS",
    "textureMapping": "BG_FOREST_TILE_GRASS",
    "width": 4,
    "height": 4
  },
  "FTTR": {
    "name": "BG_FOREST_TILE_TREE",
    "textureMapping": "BG_FOREST_TILE_TREE",
    "width": 4,
    "height": 4,
    "bodyFlags": 1
  },
  "CRYB": {
    "name": "CRYSTAL_BLUE",
    "controller": "Crystal",
    "textureMappings": {
      "0": "CRYSTAL_BLUE",
      "1": "EXPLOSION"
    },
    "bodyFlags": 2,
    "width": 4,
    "height": 4,
    "stateSensitive": true
  },
  "CRYR": {
    "name": "CRYSTAL_RED",
    "controller": "Crystal",
    "textureMappings": {
      "0": "CRYSTAL_RED",
      "1": "EXPLOSION"
    },
    "bodyFlags": 2,
    "width": 4,
    "height": 4,
    "stateSensitive": true
  },
  "CRYG": {
    "name": "CRYSTAL_GREEN",
    "controller": "Crystal",
    "textureMappings": {
      "0": "CRYSTAL_GREEN",
      "1": "EXPLOSION"
    },
    "bodyFlags": 2,
    "width": 4,
    "height": 4,
    "stateSensitive": true
  },
  "OVEN": {
    "name": "OVEN",
    "controller": "Oven",
    "textureMapping": "OVEN",
    "width": 4,
    "height": 4,
    "bodyFlags": 2,
    "stateSensitive": true
  }
}
